brand,product_name,sds_link
Eacochem,PLUS,[SDS_PLUS.pdf](../Eacochem/PLUS/SDS_PLUS.pdf)
Eacochem,Hot Stain Remover,[SDS_HOTSTAINREMOVER.pdf](../Eacochem/Hot Stain Remover/SDS_HOTSTAINREMOVER.pdf)
Eacochem,Stripsol LO,[SDS_STRIPSOL_LO.pdf](../Eacochem/Stripsol LO/SDS_STRIPSOL_LO.pdf)
Eacochem,EC 101 WB,[SDS_EC_101_WB.pdf](../Eacochem/EC 101 WB/SDS_EC_101_WB.pdf)
Eacochem,CT Wash,[SDS_CT_WASH.pdf](../Eacochem/CT Wash/SDS_CT_WASH.pdf)
Eacochem,Calcite Presoak,[SDS_Calcite_Presoak.pdf](../Eacochem/Calcite Presoak/SDS_Calcite_Presoak.pdf)
Eacochem,HD Sabre,[SDS_HD_SABRE.pdf](../Eacochem/HD Sabre/SDS_HD_SABRE.pdf)
Eacochem,Polished Stone Cleaner,[SDS_POLISHEDSTONECLEANER.pdf](../Eacochem/Polished Stone Cleaner/SDS_POLISHEDSTONECLEANER.pdf)
Eacochem,LCS,[SDS_LCS.pdf](../Eacochem/LCS/SDS_LCS.pdf)
Eacochem,Smoke Melt,[SDS_SMOKE_MELT.pdf](../Eacochem/Smoke Melt/SDS_SMOKE_MELT.pdf)
Eacochem,Sabre II,[SDS_SABRE_2.pdf](../Eacochem/Sabre II/SDS_SABRE_2.pdf)
Eacochem,RS 10 BC,[SDS_RS10BC.pdf](../Eacochem/RS 10 BC/SDS_RS10BC.pdf)
Eacochem,Calcium Silicate Cleaner,[SDS-Calcium_Silicate_Cleaner.pdf](../Eacochem/Calcium Silicate Cleaner/SDS-Calcium_Silicate_Cleaner.pdf)
Eacochem,Heritage Restorer,[SDS_HERITAGE_RESTORER.pdf](../Eacochem/Heritage Restorer/SDS_HERITAGE_RESTORER.pdf)
Eacochem,EFFortless,[SDS_EF-FORTLESS.pdf](../Eacochem/EFFortless/SDS_EF-FORTLESS.pdf)
Eacochem,AP Plus BC,[SDS_AP_PLUS_BC.pdf](../Eacochem/AP Plus BC/SDS_AP_PLUS_BC.pdf)
Eacochem,Cleansol BC,[SDS_Cleansol_BC.pdf](../Eacochem/Cleansol BC/SDS_Cleansol_BC.pdf)
Eacochem,EC 102 SOL,[SDS_EC_102_SOL.pdf](../Eacochem/EC 102 SOL/SDS_EC_102_SOL.pdf)
Eacochem,Stripper Cream,[SDS_Stripper_Cream.pdf](../Eacochem/Stripper Cream/SDS_Stripper_Cream.pdf)
Eacochem,Glory BC,[SDS_GLORY_TW_BC.pdf](../Eacochem/Glory BC/SDS_GLORY_TW_BC.pdf)
Eacochem,HD Britenol,[SDS_HD_BRITENOL.pdf](../Eacochem/HD Britenol/SDS_HD_BRITENOL.pdf)
Eacochem,CTar Melt,[SDS_CTARMELT.pdf](../Eacochem/CTar Melt/SDS_CTARMELT.pdf)
Eacochem,HD Degreaser,[SDS_HD_DEGREASER.pdf](../Eacochem/HD Degreaser/SDS_HD_DEGREASER.pdf)
Eacochem,Dazzle BC,[SDS_DAZZLE_BC.pdf](../Eacochem/Dazzle BC/SDS_DAZZLE_BC.pdf)
Eacochem,Bleach Magic,[SDS-Bleach-Magic.pdf](../Eacochem/Bleach Magic/SDS-Bleach-Magic.pdf)
Eacochem,SOS50,[SDS_SOS50.pdf](../Eacochem/SOS50/SDS_SOS50.pdf)
Eacochem,White Scum Presoak,[SDS_White-Scum-Presoak-.pdf](../Eacochem/White Scum Presoak/SDS_White-Scum-Presoak-.pdf)
Eacochem,AcrylicStrip,[SDS_AcrylicStrip.pdf](../Eacochem/AcrylicStrip/SDS_AcrylicStrip.pdf)
Eacochem,Alkaline Stone Cleaner,[SDS-Alkaline-Stone-Cleaner.pdf](../Eacochem/Alkaline Stone Cleaner/SDS-Alkaline-Stone-Cleaner.pdf)
Eacochem,InStrip,[SDS_INSTRIP.pdf](../Eacochem/InStrip/SDS_INSTRIP.pdf)
Eacochem,NMD 80,[SDS_NMD80.pdf](../Eacochem/NMD 80/SDS_NMD80.pdf)
Eacochem,ABF Restoration,[SDS_ABF Restoration.pdf](../Eacochem/ABF Restoration/SDS_ABF Restoration.pdf)
Eacochem,OneRestore,[SDS_ONERESTORE.pdf](../Eacochem/OneRestore/SDS_ONERESTORE.pdf)
Eacochem,Supreme BC,[SDS_SUPREME_BC.pdf](../Eacochem/Supreme BC/SDS_SUPREME_BC.pdf)
Eacochem,GrafEx,[SDS_GRAFX.pdf](../Eacochem/GrafEx/SDS_GRAFX.pdf)
Envirobiocleaner,EBC Restorer Restoration Cleaner,[EBC-Restore-SDS-September-2020-1.pdf](../Envirobiocleaner/EBC Restorer Restoration Cleaner/EBC-Restore-SDS-September-2020-1.pdf)
Envirobiocleaner,EBC Multipurpose Cleaner and Degreaser,[EBC_Australia_SDS.pdf](../Envirobiocleaner/EBC Multipurpose Cleaner and Degreaser/EBC_Australia_SDS.pdf)
Envirobiocleaner,EBC Multipurpose Cleaner and Degreaser,[SDS_multipurpose-cleaner.pdf](../Envirobiocleaner/EBC Multipurpose Cleaner and Degreaser/SDS_multipurpose-cleaner.pdf)
Envirobiocleaner,EBC Glide Window Cleaning Soap,[SDS_glide-window-cleaning-soap.pdf](../Envirobiocleaner/EBC Glide Window Cleaning Soap/SDS_glide-window-cleaning-soap.pdf)
Envirobiocleaner,Hands Off Me Hand Sanitizer,[SDS_hand-sanitizer.pdf](../Envirobiocleaner/Hands Off Me Hand Sanitizer/SDS_hand-sanitizer.pdf)
Front9restoration,F9 Calcium and Efflorescence RemoverF9 Calcium and Efflorescence Remover is breakthrough in the restoration and cleaning industry,[SDS-F9-Efflorescence-2022.pdf](../Front9restoration/F9 Calcium and Efflorescence RemoverF9 Calcium and Efflorescence Remover is breakthrough in the restoration and cleaning industry/SDS-F9-Efflorescence-2022.pdf)
Front9restoration,F9 Double Eagle CleanerDegreaserNeutralizerF9 Double Eagle is the first step in the F9 Restoration Process,[SDS-F9-Double-Eagle-2022.pdf](../Front9restoration/F9 Double Eagle CleanerDegreaserNeutralizerF9 Double Eagle is the first step in the F9 Restoration Process/SDS-F9-Double-Eagle-2022.pdf)
Front9restoration,F9 BARC The Best Concrete Rust Remover and Orange Battery Acid Stain Remover,[SDS-F9-BARC-2022.pdf](../Front9restoration/F9 BARC The Best Concrete Rust Remover and Orange Battery Acid Stain Remover/SDS-F9-BARC-2022.pdf)
Front9restoration,F9 Groundskeeper Industrial Concrete Maintenance CleanerF9 Groundskeeper is our industrial concrete maintenance cleaner,[SDS-F9-Groundskeeper-2022.pdf](../Front9restoration/F9 Groundskeeper Industrial Concrete Maintenance CleanerF9 Groundskeeper is our industrial concrete maintenance cleaner/SDS-F9-Groundskeeper-2022.pdf)
Tridentprotects,Cyclone,[Cyclone SDS 9.24.pdf](../Tridentprotects/Cyclone/Cyclone SDS 9.24.pdf)
Tridentprotects,Safe Harbor,[Safe Harbor SDS 9.24.pdf](../Tridentprotects/Safe Harbor/Safe Harbor SDS 9.24.pdf)
Tridentprotects,Hurricane CAT 4,[Hurricane CAT 4 SDS A and B.pdf](../Tridentprotects/Hurricane CAT 4/Hurricane CAT 4 SDS A and B.pdf)
Tridentprotects,Break Wall,[Break Wall SDS 9.24.pdf](../Tridentprotects/Break Wall/Break Wall SDS 9.24.pdf)
Tridentprotects,Barrier,[Barrier SDS 6.20.pdf](../Tridentprotects/Barrier/Barrier SDS 6.20.pdf)
Tridentprotects,Jetty,[Jetty SDS 9.24.pdf](../Tridentprotects/Jetty/Jetty SDS 9.24.pdf)
Tridentprotects,Sea Wall,[Sea Wall SDS.pdf](../Tridentprotects/Sea Wall/Sea Wall SDS.pdf)
Tridentprotects,Hurricane CAT 5  Full Kit,[Hurricane CAT 5 SDS A and B.pdf](../Tridentprotects/Hurricane CAT 5  Full Kit/Hurricane CAT 5 SDS A and B.pdf)
Tridentprotects,Point Break,[Point Break SDS.pdf](../Tridentprotects/Point Break/Point Break SDS.pdf)
