brand,product_name,tds_link
Eacochem,PLUS,[TDS_Plus.pdf](../Eacochem/PLUS/TDS_Plus.pdf)
Eacochem,Hot Stain Remover,[Hot-Stain-Remover-new-data-sheet_2021.pdf](../Eacochem/Hot Stain Remover/Hot-Stain-Remover-new-data-sheet_2021.pdf)
Eacochem,Stripsol LO,[TDS_Stripsol-LO.pdf](../Eacochem/Stripsol LO/TDS_Stripsol-LO.pdf)
Eacochem,ART,[TDS_ART.pdf](../Eacochem/ART/TDS_ART.pdf)
Eacochem,EC 101 WB,[TDS_EC101WB.pdf](../Eacochem/EC 101 WB/TDS_EC101WB.pdf)
Eacochem,CT Wash,[TDS_CT_Wash.pdf](../Eacochem/CT Wash/TDS_CT_Wash.pdf)
Eacochem,Calcite Presoak,[TDS_Calcite_Presoak.pdf](../Eacochem/Calcite Presoak/TDS_Calcite_Presoak.pdf)
Eacochem,HD Sabre,[TDS_HDSabre.pdf](../Eacochem/HD Sabre/TDS_HDSabre.pdf)
Eacochem,LCS,[TDS_LCS.pdf](../Eacochem/LCS/TDS_LCS.pdf)
Eacochem,Smoke Melt,[TDS_SmokeMelt.pdf](../Eacochem/Smoke Melt/TDS_SmokeMelt.pdf)
Eacochem,Sabre II,[TDS_Sabre_2.pdf](../Eacochem/Sabre II/TDS_Sabre_2.pdf)
Eacochem,RS 10 BC,[TDS_RS10-BC.pdf](../Eacochem/RS 10 BC/TDS_RS10-BC.pdf)
Eacochem,Truck Wash Supreme SC,[TDS_TruckWashSupremeSC.pdf](../Eacochem/Truck Wash Supreme SC/TDS_TruckWashSupremeSC.pdf)
Eacochem,Calcium Silicate Cleaner,[TDS_Calcium_Silicate_Cleaner.pdf](../Eacochem/Calcium Silicate Cleaner/TDS_Calcium_Silicate_Cleaner.pdf)
Eacochem,Heritage Restorer,[Heritage-Restorer-new-data-sheet_2025.pdf](../Eacochem/Heritage Restorer/Heritage-Restorer-new-data-sheet_2025.pdf)
Eacochem,EFFortless,[TDS_EfFortless.pdf](../Eacochem/EFFortless/TDS_EfFortless.pdf)
Eacochem,AP Plus BC,[TDS_AP_Plus_BC.pdf](../Eacochem/AP Plus BC/TDS_AP_Plus_BC.pdf)
Eacochem,Cleansol BC,[TDS_Cleansol_BC.pdf](../Eacochem/Cleansol BC/TDS_Cleansol_BC.pdf)
Eacochem,EC 102 SOL,[TDS_EC-102-SOL.pdf](../Eacochem/EC 102 SOL/TDS_EC-102-SOL.pdf)
Eacochem,Stripper Cream,[TDS_Stripper-Cream.pdf](../Eacochem/Stripper Cream/TDS_Stripper-Cream.pdf)
Eacochem,Glory BC,[TDS_GloryBC.pdf](../Eacochem/Glory BC/TDS_GloryBC.pdf)
Eacochem,HD Britenol,[TDS_HDBritenol.pdf](../Eacochem/HD Britenol/TDS_HDBritenol.pdf)
Eacochem,CTar Melt,[TDS_CTarMelt.pdf](../Eacochem/CTar Melt/TDS_CTarMelt.pdf)
Eacochem,HD Degreaser,[TDS_HD-Degreaser.pdf](../Eacochem/HD Degreaser/TDS_HD-Degreaser.pdf)
Eacochem,Dazzle BC,[TDS_DazzleBC.pdf](../Eacochem/Dazzle BC/TDS_DazzleBC.pdf)
Eacochem,Bleach Magic,[TDS_Bleach-Magic.pdf](../Eacochem/Bleach Magic/TDS_Bleach-Magic.pdf)
Eacochem,SOS50,[TDS_SOS50_18.pdf](../Eacochem/SOS50/TDS_SOS50_18.pdf)
Eacochem,White Scum Presoak,[TDS_WhiteScumPresoak.pdf](../Eacochem/White Scum Presoak/TDS_WhiteScumPresoak.pdf)
Eacochem,AcrylicStrip,[TDS_AcrylicStrip.pdf](../Eacochem/AcrylicStrip/TDS_AcrylicStrip.pdf)
Eacochem,Alkaline Stone Cleaner,[TDS_Alkaline-Stone-Cleaner.pdf](../Eacochem/Alkaline Stone Cleaner/TDS_Alkaline-Stone-Cleaner.pdf)
Eacochem,InStrip,[TDS_InStrip.pdf](../Eacochem/InStrip/TDS_InStrip.pdf)
Eacochem,NMD 80,[NMD-80-new-data-sheet_2021.pdf](../Eacochem/NMD 80/NMD-80-new-data-sheet_2021.pdf)
Eacochem,ABF Restoration,[TDS_ABF Restoration.pdf](../Eacochem/ABF Restoration/TDS_ABF Restoration.pdf)
Eacochem,OneRestore,[OneRestore-new-data-sheet_2021.pdf](../Eacochem/OneRestore/OneRestore-new-data-sheet_2021.pdf)
Eacochem,Supreme BC,[TDS_Supreme-BC.pdf](../Eacochem/Supreme BC/TDS_Supreme-BC.pdf)
Eacochem,GrafEx,[TDS_Graf-Ex.pdf](../Eacochem/GrafEx/TDS_Graf-Ex.pdf)
Front9restoration,F9 Groundskeeper Industrial Concrete Maintenance CleanerF9 Groundskeeper is our industrial concrete maintenance cleaner,[F9-Groundskeeper-Technical-Data-Sheet.pdf](../Front9restoration/F9 Groundskeeper Industrial Concrete Maintenance CleanerF9 Groundskeeper is our industrial concrete maintenance cleaner/F9-Groundskeeper-Technical-Data-Sheet.pdf)
Tridentprotects,Cyclone,[Trident TDS.Cyclone rev 9.4.24.pdf](../Tridentprotects/Cyclone/Trident TDS.Cyclone rev 9.4.24.pdf)
Tridentprotects,Tidal Wave,[TDS Tidal Wave Spray and Gel.pdf](../Tridentprotects/Tidal Wave/TDS Tidal Wave Spray and Gel.pdf)
Tridentprotects,Safe Harbor,[TDS Safe Harbor.pdf](../Tridentprotects/Safe Harbor/TDS Safe Harbor.pdf)
Tridentprotects,Hurricane CAT 4,[TDS. Hurricane CAT 4.pdf](../Tridentprotects/Hurricane CAT 4/TDS. Hurricane CAT 4.pdf)
Tridentprotects,Break Wall,[Trident TDS.Break Wall rev. 9.4.24.pdf](../Tridentprotects/Break Wall/Trident TDS.Break Wall rev. 9.4.24.pdf)
Tridentprotects,Barrier,[Trident TDS.Barrier rev 12.21.pdf](../Tridentprotects/Barrier/Trident TDS.Barrier rev 12.21.pdf)
Tridentprotects,Jetty,[Trident TDS.Jetty rev 9.4.24.pdf](../Tridentprotects/Jetty/Trident TDS.Jetty rev 9.4.24.pdf)
Tridentprotects,Sea Wall,[TDS Sea Wall.pdf](../Tridentprotects/Sea Wall/TDS Sea Wall.pdf)
Tridentprotects,Hurricane CAT 5  Full Kit,[Trident TDS. Hurricane CAT 5.pdf](../Tridentprotects/Hurricane CAT 5  Full Kit/Trident TDS. Hurricane CAT 5.pdf)
Tridentprotects,Point Break,[TDS Point Break.pdf](../Tridentprotects/Point Break/TDS Point Break.pdf)
